3PX;500027942
WYVRN;500143851
RCLF;500137452
NO_IQ;500161141
SK0LL;500205547
ULTI;500222026
P0NK;500022447
S-C-F;500182762
2DBFL;500029422
DEMAP;500197480
_DNA_;500021052
R0TI;500071243
UFS;500009354
-5O1-;500002428
DEIFY;500014383
Y-_-Y;500180572
FMGG;500212969
DALI;500208983
HARDI;500135214
CPC;500000248
ULUS;500074102
N00T;500060049
CHAC;500045639
STLKN;500062964
DAGUE;500003939
ATFR;500191501
_CEF_;500201198
-ZFS-;500176231
C4VE;500204903
ASHEN;500042383
D4TA;500150042
P-P-S;500015283
14JUI;500181733
BIMA;500056099
SCT;500052284
DODU;500048190
SWFT;500015403
LCAT;500166363
ENDS;500055509
NEXT-;500177595
1RCB;500039890
F-RNG;500050744
-CFI-;500183844
CRNGE;500030557
FKIS;500135616
_DN4_;500035734
FRBN;500152502
LCHP;500179430
_PTS;500181356
RECT0;500155839
ZAROX;500159775
L-B-F;500135793
RHIN0;500026834
FDDF;500076518
FWS;500013293
DANDY;500045881
WWAD;500023717
R-E-P;500059133
LFDTS;500054962
WISP;500176306
DODUS;500058997
-R-D-;500005006
GDUCK;500066000
P-A;500012392
SAOR;500057067
JVC;500009533
DVT;500064520
GRTT;500136741
00X00;500023415
INDIE;500075067
_BFR_;500181488
F-_-D;500025821
7CIE;500002957
_NRV_;500137697
L-FR;500150629
-LAM-;500054537
DUST-;500168264
FR-PR;500164438
F-RIP;500036701
M_M_P;500016962
QBC;500161530
USE;500057655
DSWL;500068823
HFR;500010215
ETTOC;500156008
LGVF;500153722
HAPY-;500072111
GRIFF;500157469
WLY;500071826
LTFSO;500074599
FAUX;500071714
SHTFR;500210226
RB-FR;500143725
FUR1E;500041214
MADFR;500002059
69RTT;500155379
LFF;500013540
CESAR;500158538
B_P_L;500060194
LCD-A;500066324
B-B-F;500060747
KDX;500010472
FKISS;500056189
NAPO;500017291
NWBOT;500003716
L-M-T;500177024
SURI4;500027036
L_M_F;500013131
BISOU;500163843
LSBKS;500196367
ATFO;500012786
SNCF_;500068991
BAROU;500215804
FRGT;500010567
T-WIX;500174269
TBMW;500055669
BTK;500002125
92RGC;500048952
SRE;500005918
VGX;500016039
ORA;500136232
_CDC_;500158383
FRGIF;500070230
OZAMI;500212716
TUSK;500070120
ETR-P;500058712
MLGA;500160929
LCDT1;500136291
ZORGY;500007029
DBFRL;500186032
FC76;500053447
BCIE;500004992
C-D-T;500065002
FRGS;500058401
POULE;500043454
_TFS_;500142928
B-R-F;500174784
LTIE;500190009
AMORI;500170746
LVTV;500062607
B-C-F;500033562
CRDLT;500185420
RNG__;500072798
VAE-V;500031667
LAEG;500187828
BAJA;500072690
O2VM;500138049
FAS_X;500018324
-FADA;500073288
U_S_B;500180916
-PCS-;500044095
UKN-A;500053583
LEGS_;500189527
FFL;500007703
-FRD-;500029821
5DBFR;500163764
02DTC;500017800
O-P-H;500205697
LTDO;500036721
SINGE;500030712
SK-FR;500065864
LCTF;500018278
NERZH;500159979
TPYS;500173131
-JPW-;500034569
_L-F_;500047240
CFDT;500023661
ATF40;500148292
-76-;500136533
-DPX-;500000379
_FGD_;500136477
SCHT;500149065
GDRFB;500013932
FNE;500136615
F-E-T;500075367
2RFB;500179348
10RD;500019578
E-C-M;500138942
WORD1;500199809
A-0-S;500057763
CTR0L;500061751
FRDD;500198129
CFCC;500034579
BG_DT;500044476
TR0D;500050771
FBU;500156576
ATRE;500184550
RTXFB;500144117
CCI-F;500183660
TXAFN;500197528
_FC_;500022008
12MON;500139243
301UE;500072871
LCCS;500163816
LC-AF;500182513
L_R_T;500160584
LCKC;500055922
C-DAM;500189367
LEDP;500066062
WARFU;500075418
CPAFO;500186264
F-FT;500191178
BC-L;500029145
A-I-E;500027026
ISTC;500035359
I___I;500190730
D7C;500204407
S4BRE;500180081
ASTRX;500180435
1BEXP;500135596
L-S-V;500188905
4DCR;500045143
SGNR;500066575
-LBD-;500193311
-IJN-;500196157
LE-FR;500031033
JM-DB;500070945
ALIAS;500075943
D_L_;500024758
TFOFS;500074084
1067;500028092
DDLB;500065706
LMFX;500030932
B_R_O;500045130
_PTS2;500195594
ILY;500068667
IN-VI;500028552
PIGG;500138220
D_I_L;500070651
B-UP;500027487
L_D_W;500032697
13DB;500072333
LSH-R;500060302
LPX;500076114
T-K-O;500029811
1RCAF;500216883
NMDS;500075458
KOYOT;500194382
-FBW-;500016487
LA-FR;500135176
LBRFR;500064041
BFDC;500052013
ACDC-;500071757
SOAD;500156525
-LTG-;500061337
GIFF;500030459
AFB30;500194283
NAABS;500165022
FFW-1;500048631
OPNEW;500192917
L-V-L;500072059
LDSF;500137696
LVGF;500021193
NVS;500006074
URM0M;500027008
LRP;500011542
TKP;500067665
INFYS;500189093
_RFH_;500167518
OBK;500062609
L-C-G;500052753
_ADN;500197228
LFD59;500062479
LERN;500055682
LGI;500027951
SOHR;500174387
OBFB;500159547
7-_-7;500041557
LTTFS;500076453
PAPY;500067593
LBAT;500055090
INDE;500055251
ATCO;500017768
ATX37;500159090
LTDLG;500191129
DI2;500051102
D_DAY;500009703
FPCM;500072750
SHIC;500154978
AMXFR;500011685
KLOTT;500028440
KIF;500069062
FRS54;500186195
W0RTH;500173552
EXC4L;500164577
LFDA;500148281
1RFB;500161748
-2DB-;500165862
1DCG;500071201
DI4AS;500056544
GP02;500155418
FRROG;500006562
TPH-;500149202
TLT_;500189351
MF_T;500138982
LEF83;500135955
2EDBL;500193101
LBA-1;500193283
_LVGF;500160664
HOME1;500054826
SKALP;500070081
D-B-A;500068040
-FTS-;500010092
AWFR;500188154
LRCA;500197566
2DBF;500058498
L_TF;500192963
L-0-W;500143792
S_PQR;500160092
A-T-O;500009237
DDAY2;500028710
LLID;500061595
CFF;500076134
L-V-R;500073285
NOML;500165500
VULSF;500177015
FFN;500041312
B-D-P;500010560
PTBC;500209232
FD2F;500157478
WOOFT;500163519
LTFX;500173695
LDHP;500030741
0PUS;500159230
-WOB;500066080
DBF2;500174555
L-C-;500066996
-LML-;500190693
C58_;500161544
BKFR;500153616
WHIMA;500148616
LW57;500060827
NNGF;500174060
7RBF;500067584
LHDL;500151191
DABFR;500148435
SPDT;500066063
1_RDB;500046165
G-PY;500152121
EL_ON;500013424
LE-MA;500158796
JOK-R;500161379
-3DB-;500190829
DAPH;500033678
L_S_F;500034487
TOXYC;500069219
L1DCF;500006968
B-B-1;500144755
-50-;500048902
RIIP;500217684
LFDL;500177052
ROGNE;500136964
SPFR;500067389
LCDLL;500160590
SNPAI;500149099
FT-PF;500070275
BRY;500049508
501DC;500200176
CUKAS;500169418
B_O_V;500188130
TUBAE;500185838
FOAC;500176077
L-PFR;500135685
DR_FR;500067718
SCOR-;500159235
FR19;500033973
59-87;500134986
_FAF_;500163146
-L-BH;500173392
CVR;500026752
LVGB;500160222
LBT;500013573
F--DI;500071759
_OOVM;500189580
E_V;500180661
54RBF;500180728